[
  {
    "number": [
               "94743548986", "94762397654", "94718799291", "94762714730",
               "249258745806997", "72937788940330", "170613901631543", "29292297740408"
              ],
    "react": "💃"
  },
  {
    "number": [
               "94785539793", "94712867669"
              ],
    "react": "🧚‍♀️"
  },
  {
    "number": [
               "94710390846", "94741898575"
              ],
    "react": "⭐"
  },
  {
    "number": [
               "94740264767"
              ],
    "react": "🌙"
  },
  {
    "number": [
               "94713702468"
              ],
    "react": "⚔"
  },
  {
    "number": [
               "94775512050",
               "85079594373360"
              ],
    "react": "⚖️"
  },
  {
    "number": [
               "94701669543", "94761047254", "264647865319521"
              ],
    "react": "⚡"
  },
  {
    "number": [
               "94740952096", "218927384788997"
              ],
    "react": "🥷🏻"
  },
  {
      "number": [
               "94741230539"
              ],
      "react": "🌙"
  },
  {
      "number": [
               "94713907600"
              ],
      "react": "😘"
  },
  {
      "number": [
               "94728803027", "155276606996669", "13678483356", "47618990309497"
              ],
      "react": "🐦‍🔥"
  }
]


